{
  "no_retrieval": {
    "em": 0.3,
    "f1": 0.5373601561836856
  },
  "bm25": {
    "em": 0.22,
    "f1": 0.4455506323741617
  },
  "random": {
    "em": 0.32,
    "f1": 0.49762770562770564
  },
  "replug_k1": {
    "em": 0.26,
    "f1": 0.47068831168831166
  },
  "replug_k2": {
    "em": 0.26,
    "f1": 0.497037518037518
  },
  "replug_k5": {
    "em": 0.3,
    "f1": 0.5257359307359307
  },
  "replug_k10": {
    "em": 0.34,
    "f1": 0.5757359307359308
  },
  "replug_k15": {
    "em": 0.34,
    "f1": 0.5621803751803752
  }
}